1,Autauga County
1,Baldwin County
1,Barbour County
1,Bibb County
1,Blount County
1,Bullock County
1,Butler County
1,Calhoun County
1,Chambers County
1,Cherokee County
1,Chilton County
1,Choctaw County
1,Clarke County
1,Clay County
1,Cleburne County
1,Coffee County
1,Colbert County
1,Conecuh County
1,Coosa County
1,Covington County
1,Crenshaw County
1,Cullman County
1,Dale County
1,Dallas County
1,DeKalb County
1,Elmore County
1,Escambia County
1,Etowah County
1,Fayette County
1,Franklin County
1,Geneva County
1,Greene County
1,Hale County
1,Henry County
1,Houston County
1,Jackson County
1,Jefferson County
1,Lamar County
1,Lauderdale County
1,Lawrence County
1,Lee County
1,Limestone County
1,Lowndes County
1,Macon County
1,Madison County
1,Marengo County
1,Marion County
1,Marshall County
1,Mobile County
1,Monroe County
1,Montgomery County
1,Morgan County
1,Perry County
1,Pickens County
1,Pike County
1,Randolph County
1,Russell County
1,St. Clair County
1,Shelby County
1,Sumter County
1,Talladega County
1,Tallapoosa County
1,Tuscaloosa County
1,Walker County
1,Washington County
1,Wilcox County
1,Winston County
2,Aleutians East Borough
2,Aleutians West Census Area
2,Anchorage Municipality
2,Bethel Census Area
2,Bristol Bay Borough
2,Denali Borough
2,Dillingham Census Area
2,Fairbanks North Star Borough
2,Haines Borough
2,Hoonah-Angoon Census Area
2,Juneau City and Borough
2,Kenai Peninsula Borough
2,Ketchikan Gateway Borough
2,Kodiak Island Borough
2,Lake and Peninsula Borough
2,Matanuska-Susitna Borough
2,Nome Census Area
2,North Slope Borough
2,Northwest Arctic Borough
2,Petersburg Census Area
2,Prince of Wales-Hyder Census Area
2,Sitka City and Borough
2,Skagway Municipality
2,Southeast Fairbanks Census Area
2,Valdez-Cordova Census Area
2,Wade Hampton Census Area
2,Wrangell City and Borough
2,Yakutat City and Borough
2,Yukon-Koyukuk Census Area
3,Apache County
3,Cochise County
3,Coconino County
3,Gila County
3,Graham County
3,Greenlee County
3,La Paz County
3,Maricopa County
3,Mohave County
3,Navajo County
3,Pima County
3,Pinal County
3,Santa Cruz County
3,Yavapai County
3,Yuma County
4,Arkansas County
4,Ashley County
4,Baxter County
4,Benton County
4,Boone County
4,Bradley County
4,Calhoun County
4,Carroll County
4,Chicot County
4,Clark County
4,Clay County
4,Cleburne County
4,Cleveland County
4,Columbia County
4,Conway County
4,Craighead County
4,Crawford County
4,Crittenden County
4,Cross County
4,Dallas County
4,Desha County
4,Drew County
4,Faulkner County
4,Franklin County
4,Fulton County
4,Garland County
4,Grant County
4,Greene County
4,Hempstead County
4,Hot Spring County
4,Howard County
4,Independence County
4,Izard County
4,Jackson County
4,Jefferson County
4,Johnson County
4,Lafayette County
4,Lawrence County
4,Lee County
4,Lincoln County
4,Little River County
4,Logan County
4,Lonoke County
4,Madison County
4,Marion County
4,Miller County
4,Mississippi County
4,Monroe County
4,Montgomery County
4,Nevada County
4,Newton County
4,Ouachita County
4,Perry County
4,Phillips County
4,Pike County
4,Poinsett County
4,Polk County
4,Pope County
4,Prairie County
4,Pulaski County
4,Randolph County
4,St. Francis County
4,Saline County
4,Scott County
4,Searcy County
4,Sebastian County
4,Sevier County
4,Sharp County
4,Stone County
4,Union County
4,Van Buren County
4,Washington County
4,White County
4,Woodruff County
4,Yell County
5,Alameda County
5,Alpine County
5,Amador County
5,Butte County
5,Calaveras County
5,Colusa County
5,Contra Costa County
5,Del Norte County
5,El Dorado County
5,Fresno County
5,Glenn County
5,Humboldt County
5,Imperial County
5,Inyo County
5,Kern County
5,Kings County
5,Lake County
5,Lassen County
5,Los Angeles County
5,Madera County
5,Marin County
5,Mariposa County
5,Mendocino County
5,Merced County
5,Modoc County
5,Mono County
5,Monterey County
5,Napa County
5,Nevada County
5,Orange County
5,Placer County
5,Plumas County
5,Riverside County
5,Sacramento County
5,San Benito County
5,San Bernardino County
5,San Diego County
5,San Francisco County
5,San Joaquin County
5,San Luis Obispo County
5,San Mateo County
5,Santa Barbara County
5,Santa Clara County
5,Santa Cruz County
5,Shasta County
5,Sierra County
5,Siskiyou County
5,Solano County
5,Sonoma County
5,Stanislaus County
5,Sutter County
5,Tehama County
5,Trinity County
5,Tulare County
5,Tuolumne County
5,Ventura County
5,Yolo County
5,Yuba County
6,Adams County
6,Alamosa County
6,Arapahoe County
6,Archuleta County
6,Baca County
6,Bent County
6,Boulder County
6,Broomfield County
6,Chaffee County
6,Cheyenne County
6,Clear Creek County
6,Conejos County
6,Costilla County
6,Crowley County
6,Custer County
6,Delta County
6,Denver County
6,Dolores County
6,Douglas County
6,Eagle County
6,Elbert County
6,El Paso County
6,Fremont County
6,Garfield County
6,Gilpin County
6,Grand County
6,Gunnison County
6,Hinsdale County
6,Huerfano County
6,Jackson County
6,Jefferson County
6,Kiowa County
6,Kit Carson County
6,Lake County
6,La Plata County
6,Larimer County
6,Las Animas County
6,Lincoln County
6,Logan County
6,Mesa County
6,Mineral County
6,Moffat County
6,Montezuma County
6,Montrose County
6,Morgan County
6,Otero County
6,Ouray County
6,Park County
6,Phillips County
6,Pitkin County
6,Prowers County
6,Pueblo County
6,Rio Blanco County
6,Rio Grande County
6,Routt County
6,Saguache County
6,San Juan County
6,San Miguel County
6,Sedgwick County
6,Summit County
6,Teller County
6,Washington County
6,Weld County
6,Yuma County
7,Fairfield County
7,Hartford County
7,Litchfield County
7,Middlesex County
7,New Haven County
7,New London County
7,Tolland County
7,Windham County
8,Kent County
8,New Castle County
8,Sussex County
9,Alachua County
9,Baker County
9,Bay County
9,Bradford County
9,Brevard County
9,Broward County
9,Calhoun County
9,Charlotte County
9,Citrus County
9,Clay County
9,Collier County
9,Columbia County
9,DeSoto County
9,Dixie County
9,Duval County
9,Escambia County
9,Flagler County
9,Franklin County
9,Gadsden County
9,Gilchrist County
9,Glades County
9,Gulf County
9,Hamilton County
9,Hardee County
9,Hendry County
9,Hernando County
9,Highlands County
9,Hillsborough County
9,Holmes County
9,Indian River County
9,Jackson County
9,Jefferson County
9,Lafayette County
9,Lake County
9,Lee County
9,Leon County
9,Levy County
9,Liberty County
9,Madison County
9,Manatee County
9,Marion County
9,Martin County
9,Miami-Dade County
9,Monroe County
9,Nassau County
9,Okaloosa County
9,Okeechobee County
9,Orange County
9,Osceola County
9,Palm Beach County
9,Pasco County
9,Pinellas County
9,Polk County
9,Putnam County
9,St. Johns County
9,St. Lucie County
9,Santa Rosa County
9,Sarasota County
9,Seminole County
9,Sumter County
9,Suwannee County
9,Taylor County
9,Union County
9,Volusia County
9,Wakulla County
9,Walton County
9,Washington County
10,Appling County
10,Atkinson County
10,Bacon County
10,Baker County
10,Baldwin County
10,Banks County
10,Barrow County
10,Bartow County
10,Ben Hill County
10,Berrien County
10,Bibb County
10,Bleckley County
10,Brantley County
10,Brooks County
10,Bryan County
10,Bulloch County
10,Burke County
10,Butts County
10,Calhoun County
10,Camden County
10,Candler County
10,Carroll County
10,Catoosa County
10,Charlton County
10,Chatham County
10,Chattahoochee County
10,Chattooga County
10,Cherokee County
10,Clarke County
10,Clay County
10,Clayton County
10,Clinch County
10,Cobb County
10,Coffee County
10,Colquitt County
10,Columbia County
10,Cook County
10,Coweta County
10,Crawford County
10,Crisp County
10,Dade County
10,Dawson County
10,Decatur County
10,DeKalb County
10,Dodge County
10,Dooly County
10,Dougherty County
10,Douglas County
10,Early County
10,Echols County
10,Effingham County
10,Elbert County
10,Emanuel County
10,Evans County
10,Fannin County
10,Fayette County
10,Floyd County
10,Forsyth County
10,Franklin County
10,Fulton County
10,Gilmer County
10,Glascock County
10,Glynn County
10,Gordon County
10,Grady County
10,Greene County
10,Gwinnett County
10,Habersham County
10,Hall County
10,Hancock County
10,Haralson County
10,Harris County
10,Hart County
10,Heard County
10,Henry County
10,Houston County
10,Irwin County
10,Jackson County
10,Jasper County
10,Jeff Davis County
10,Jefferson County
10,Jenkins County
10,Johnson County
10,Jones County
10,Lamar County
10,Lanier County
10,Laurens County
10,Lee County
10,Liberty County
10,Lincoln County
10,Long County
10,Lowndes County
10,Lumpkin County
10,McDuffie County
10,McIntosh County
10,Macon County
10,Madison County
10,Marion County
10,Meriwether County
10,Miller County
10,Mitchell County
10,Monroe County
10,Montgomery County
10,Morgan County
10,Murray County
10,Muscogee County
10,Newton County
10,Oconee County
10,Oglethorpe County
10,Paulding County
10,Peach County
10,Pickens County
10,Pierce County
10,Pike County
10,Polk County
10,Pulaski County
10,Putnam County
10,Quitman County
10,Rabun County
10,Randolph County
10,Richmond County
10,Rockdale County
10,Schley County
10,Screven County
10,Seminole County
10,Spalding County
10,Stephens County
10,Stewart County
10,Sumter County
10,Talbot County
10,Taliaferro County
10,Tattnall County
10,Taylor County
10,Telfair County
10,Terrell County
10,Thomas County
10,Tift County
10,Toombs County
10,Towns County
10,Treutlen County
10,Troup County
10,Turner County
10,Twiggs County
10,Union County
10,Upson County
10,Walker County
10,Walton County
10,Ware County
10,Warren County
10,Washington County
10,Wayne County
10,Webster County
10,Wheeler County
10,White County
10,Whitfield County
10,Wilcox County
10,Wilkes County
10,Wilkinson County
10,Worth County
11,Hawaii County
11,Honolulu County
11,Kalawao County
11,Kauai County
11,Maui County
12,Ada County
12,Adams County
12,Bannock County
12,Bear Lake County
12,Benewah County
12,Bingham County
12,Blaine County
12,Boise County
12,Bonner County
12,Bonneville County
12,Boundary County
12,Butte County
12,Camas County
12,Canyon County
12,Caribou County
12,Cassia County
12,Clark County
12,Clearwater County
12,Custer County
12,Elmore County
12,Franklin County
12,Fremont County
12,Gem County
12,Gooding County
12,Idaho County
12,Jefferson County
12,Jerome County
12,Kootenai County
12,Latah County
12,Lemhi County
12,Lewis County
12,Lincoln County
12,Madison County
12,Minidoka County
12,Nez Perce County
12,Oneida County
12,Owyhee County
12,Payette County
12,Power County
12,Shoshone County
12,Teton County
12,Twin Falls County
12,Valley County
12,Washington County
13,Adams County
13,Alexander County
13,Bond County
13,Boone County
13,Brown County
13,Bureau County
13,Calhoun County
13,Carroll County
13,Cass County
13,Champaign County
13,Christian County
13,Clark County
13,Clay County
13,Clinton County
13,Coles County
13,Cook County
13,Crawford County
13,Cumberland County
13,DeKalb County
13,De Witt County
13,Douglas County
13,DuPage County
13,Edgar County
13,Edwards County
13,Effingham County
13,Fayette County
13,Ford County
13,Franklin County
13,Fulton County
13,Gallatin County
13,Greene County
13,Grundy County
13,Hamilton County
13,Hancock County
13,Hardin County
13,Henderson County
13,Henry County
13,Iroquois County
13,Jackson County
13,Jasper County
13,Jefferson County
13,Jersey County
13,Jo Daviess County
13,Johnson County
13,Kane County
13,Kankakee County
13,Kendall County
13,Knox County
13,Lake County
13,LaSalle County
13,Lawrence County
13,Lee County
13,Livingston County
13,Logan County
13,McDonough County
13,McHenry County
13,McLean County
13,Macon County
13,Macoupin County
13,Madison County
13,Marion County
13,Marshall County
13,Mason County
13,Massac County
13,Menard County
13,Mercer County
13,Monroe County
13,Montgomery County
13,Morgan County
13,Moultrie County
13,Ogle County
13,Peoria County
13,Perry County
13,Piatt County
13,Pike County
13,Pope County
13,Pulaski County
13,Putnam County
13,Randolph County
13,Richland County
13,Rock Island County
13,St. Clair County
13,Saline County
13,Sangamon County
13,Schuyler County
13,Scott County
13,Shelby County
13,Stark County
13,Stephenson County
13,Tazewell County
13,Union County
13,Vermilion County
13,Wabash County
13,Warren County
13,Washington County
13,Wayne County
13,White County
13,Whiteside County
13,Will County
13,Williamson County
13,Winnebago County
13,Woodford County
14,Adams County
14,Allen County
14,Bartholomew County
14,Benton County
14,Blackford County
14,Boone County
14,Brown County
14,Carroll County
14,Cass County
14,Clark County
14,Clay County
14,Clinton County
14,Crawford County
14,Daviess County
14,Dearborn County
14,Decatur County
14,DeKalb County
14,Delaware County
14,Dubois County
14,Elkhart County
14,Fayette County
14,Floyd County
14,Fountain County
14,Franklin County
14,Fulton County
14,Gibson County
14,Grant County
14,Greene County
14,Hamilton County
14,Hancock County
14,Harrison County
14,Hendricks County
14,Henry County
14,Howard County
14,Huntington County
14,Jackson County
14,Jasper County
14,Jay County
14,Jefferson County
14,Jennings County
14,Johnson County
14,Knox County
14,Kosciusko County
14,LaGrange County
14,Lake County
14,LaPorte County
14,Lawrence County
14,Madison County
14,Marion County
14,Marshall County
14,Martin County
14,Miami County
14,Monroe County
14,Montgomery County
14,Morgan County
14,Newton County
14,Noble County
14,Ohio County
14,Orange County
14,Owen County
14,Parke County
14,Perry County
14,Pike County
14,Porter County
14,Posey County
14,Pulaski County
14,Putnam County
14,Randolph County
14,Ripley County
14,Rush County
14,St. Joseph County
14,Scott County
14,Shelby County
14,Spencer County
14,Starke County
14,Steuben County
14,Sullivan County
14,Switzerland County
14,Tippecanoe County
14,Tipton County
14,Union County
14,Vanderburgh County
14,Vermillion County
14,Vigo County
14,Wabash County
14,Warren County
14,Warrick County
14,Washington County
14,Wayne County
14,Wells County
14,White County
14,Whitley County
15,Adair County
15,Adams County
15,Allamakee County
15,Appanoose County
15,Audubon County
15,Benton County
15,Black Hawk County
15,Boone County
15,Bremer County
15,Buchanan County
15,Buena Vista County
15,Butler County
15,Calhoun County
15,Carroll County
15,Cass County
15,Cedar County
15,Cerro Gordo County
15,Cherokee County
15,Chickasaw County
15,Clarke County
15,Clay County
15,Clayton County
15,Clinton County
15,Crawford County
15,Dallas County
15,Davis County
15,Decatur County
15,Delaware County
15,Des Moines County
15,Dickinson County
15,Dubuque County
15,Emmet County
15,Fayette County
15,Floyd County
15,Franklin County
15,Fremont County
15,Greene County
15,Grundy County
15,Guthrie County
15,Hamilton County
15,Hancock County
15,Hardin County
15,Harrison County
15,Henry County
15,Howard County
15,Humboldt County
15,Ida County
15,Iowa County
15,Jackson County
15,Jasper County
15,Jefferson County
15,Johnson County
15,Jones County
15,Keokuk County
15,Kossuth County
15,Lee County
15,Linn County
15,Louisa County
15,Lucas County
15,Lyon County
15,Madison County
15,Mahaska County
15,Marion County
15,Marshall County
15,Mills County
15,Mitchell County
15,Monona County
15,Monroe County
15,Montgomery County
15,Muscatine County
15,O'Brien County
15,Osceola County
15,Page County
15,Palo Alto County
15,Plymouth County
15,Pocahontas County
15,Polk County
15,Pottawattamie County
15,Poweshiek County
15,Ringgold County
15,Sac County
15,Scott County
15,Shelby County
15,Sioux County
15,Story County
15,Tama County
15,Taylor County
15,Union County
15,Van Buren County
15,Wapello County
15,Warren County
15,Washington County
15,Wayne County
15,Webster County
15,Winnebago County
15,Winneshiek County
15,Woodbury County
15,Worth County
15,Wright County
16,Allen County
16,Anderson County
16,Atchison County
16,Barber County
16,Barton County
16,Bourbon County
16,Brown County
16,Butler County
16,Chase County
16,Chautauqua County
16,Cherokee County
16,Cheyenne County
16,Clark County
16,Clay County
16,Cloud County
16,Coffey County
16,Comanche County
16,Cowley County
16,Crawford County
16,Decatur County
16,Dickinson County
16,Doniphan County
16,Douglas County
16,Edwards County
16,Elk County
16,Ellis County
16,Ellsworth County
16,Finney County
16,Ford County
16,Franklin County
16,Geary County
16,Gove County
16,Graham County
16,Grant County
16,Gray County
16,Greeley County
16,Greenwood County
16,Hamilton County
16,Harper County
16,Harvey County
16,Haskell County
16,Hodgeman County
16,Jackson County
16,Jefferson County
16,Jewell County
16,Johnson County
16,Kearny County
16,Kingman County
16,Kiowa County
16,Labette County
16,Lane County
16,Leavenworth County
16,Lincoln County
16,Linn County
16,Logan County
16,Lyon County
16,McPherson County
16,Marion County
16,Marshall County
16,Meade County
16,Miami County
16,Mitchell County
16,Montgomery County
16,Morris County
16,Morton County
16,Nemaha County
16,Neosho County
16,Ness County
16,Norton County
16,Osage County
16,Osborne County
16,Ottawa County
16,Pawnee County
16,Phillips County
16,Pottawatomie County
16,Pratt County
16,Rawlins County
16,Reno County
16,Republic County
16,Rice County
16,Riley County
16,Rooks County
16,Rush County
16,Russell County
16,Saline County
16,Scott County
16,Sedgwick County
16,Seward County
16,Shawnee County
16,Sheridan County
16,Sherman County
16,Smith County
16,Stafford County
16,Stanton County
16,Stevens County
16,Sumner County
16,Thomas County
16,Trego County
16,Wabaunsee County
16,Wallace County
16,Washington County
16,Wichita County
16,Wilson County
16,Woodson County
16,Wyandotte County
17,Adair County
17,Allen County
17,Anderson County
17,Ballard County
17,Barren County
17,Bath County
17,Bell County
17,Boone County
17,Bourbon County
17,Boyd County
17,Boyle County
17,Bracken County
17,Breathitt County
17,Breckinridge County
17,Bullitt County
17,Butler County
17,Caldwell County
17,Calloway County
17,Campbell County
17,Carlisle County
17,Carroll County
17,Carter County
17,Casey County
17,Christian County
17,Clark County
17,Clay County
17,Clinton County
17,Crittenden County
17,Cumberland County
17,Daviess County
17,Edmonson County
17,Elliott County
17,Estill County
17,Fayette County
17,Fleming County
17,Floyd County
17,Franklin County
17,Fulton County
17,Gallatin County
17,Garrard County
17,Grant County
17,Graves County
17,Grayson County
17,Green County
17,Greenup County
17,Hancock County
17,Hardin County
17,Harlan County
17,Harrison County
17,Hart County
17,Henderson County
17,Henry County
17,Hickman County
17,Hopkins County
17,Jackson County
17,Jefferson County
17,Jessamine County
17,Johnson County
17,Kenton County
17,Knott County
17,Knox County
17,Larue County
17,Laurel County
17,Lawrence County
17,Lee County
17,Leslie County
17,Letcher County
17,Lewis County
17,Lincoln County
17,Livingston County
17,Logan County
17,Lyon County
17,McCracken County
17,McCreary County
17,McLean County
17,Madison County
17,Magoffin County
17,Marion County
17,Marshall County
17,Martin County
17,Mason County
17,Meade County
17,Menifee County
17,Mercer County
17,Metcalfe County
17,Monroe County
17,Montgomery County
17,Morgan County
17,Muhlenberg County
17,Nelson County
17,Nicholas County
17,Ohio County
17,Oldham County
17,Owen County
17,Owsley County
17,Pendleton County
17,Perry County
17,Pike County
17,Powell County
17,Pulaski County
17,Robertson County
17,Rockcastle County
17,Rowan County
17,Russell County
17,Scott County
17,Shelby County
17,Simpson County
17,Spencer County
17,Taylor County
17,Todd County
17,Trigg County
17,Trimble County
17,Union County
17,Warren County
17,Washington County
17,Wayne County
17,Webster County
17,Whitley County
17,Wolfe County
17,Woodford County
18,Acadia Parish
18,Allen Parish
18,Ascension Parish
18,Assumption Parish
18,Avoyelles Parish
18,Beauregard Parish
18,Bienville Parish
18,Bossier Parish
18,Caddo Parish
18,Calcasieu Parish
18,Caldwell Parish
18,Cameron Parish
18,Catahoula Parish
18,Claiborne Parish
18,Concordia Parish
18,De Soto Parish
18,East Baton Rouge Parish
18,East Carroll Parish
18,East Feliciana Parish
18,Evangeline Parish
18,Franklin Parish
18,Grant Parish
18,Iberia Parish
18,Iberville Parish
18,Jackson Parish
18,Jefferson Parish
18,Jefferson Davis Parish
18,Lafayette Parish
18,Lafourche Parish
18,La Salle Parish
18,Lincoln Parish
18,Livingston Parish
18,Madison Parish
18,Morehouse Parish
18,Natchitoches Parish
18,Orleans Parish
18,Ouachita Parish
18,Plaquemines Parish
18,Pointe Coupee Parish
18,Rapides Parish
18,Red River Parish
18,Richland Parish
18,Sabine Parish
18,St. Bernard Parish
18,St. Charles Parish
18,St. Helena Parish
18,St. James Parish
18,St. John the Baptist Parish
18,St. Landry Parish
18,St. Martin Parish
18,St. Mary Parish
18,St. Tammany Parish
18,Tangipahoa Parish
18,Tensas Parish
18,Terrebonne Parish
18,Union Parish
18,Vermilion Parish
18,Vernon Parish
18,Washington Parish
18,Webster Parish
18,West Baton Rouge Parish
18,West Carroll Parish
18,West Feliciana Parish
18,Winn Parish
19,Androscoggin County
19,Aroostook County
19,Cumberland County
19,Franklin County
19,Hancock County
19,Kennebec County
19,Knox County
19,Lincoln County
19,Oxford County
19,Penobscot County
19,Piscataquis County
19,Sagadahoc County
19,Somerset County
19,Waldo County
19,Washington County
19,York County
20,Allegany County
20,Anne Arundel County
20,Baltimore County
20,Calvert County
20,Caroline County
20,Carroll County
20,Cecil County
20,Charles County
20,Dorchester County
20,Frederick County
20,Garrett County
20,Harford County
20,Howard County
20,Kent County
20,Montgomery County
20,Prince George's County
20,Queen Anne's County
20,St. Mary's County
20,Somerset County
20,Talbot County
20,Washington County
20,Wicomico County
20,Worcester County
20,Baltimore city
21,Barnstable County
21,Berkshire County
21,Bristol County
21,Dukes County
21,Essex County
21,Franklin County
21,Hampden County
21,Hampshire County
21,Middlesex County
21,Nantucket County
21,Norfolk County
21,Plymouth County
21,Suffolk County
21,Worcester County
22,Alcona County
22,Alger County
22,Allegan County
22,Alpena County
22,Antrim County
22,Arenac County
22,Baraga County
22,Barry County
22,Bay County
22,Benzie County
22,Berrien County
22,Branch County
22,Calhoun County
22,Cass County
22,Charlevoix County
22,Cheboygan County
22,Chippewa County
22,Clare County
22,Clinton County
22,Crawford County
22,Delta County
22,Dickinson County
22,Eaton County
22,Emmet County
22,Genesee County
22,Gladwin County
22,Gogebic County
22,Grand Traverse County
22,Gratiot County
22,Hillsdale County
22,Houghton County
22,Huron County
22,Ingham County
22,Ionia County
22,Iosco County
22,Iron County
22,Isabella County
22,Jackson County
22,Kalamazoo County
22,Kalkaska County
22,Kent County
22,Keweenaw County
22,Lake County
22,Lapeer County
22,Leelanau County
22,Lenawee County
22,Livingston County
22,Luce County
22,Mackinac County
22,Macomb County
22,Manistee County
22,Marquette County
22,Mason County
22,Mecosta County
22,Menominee County
22,Midland County
22,Missaukee County
22,Monroe County
22,Montcalm County
22,Montmorency County
22,Muskegon County
22,Newaygo County
22,Oakland County
22,Oceana County
22,Ogemaw County
22,Ontonagon County
22,Osceola County
22,Oscoda County
22,Otsego County
22,Ottawa County
22,Presque Isle County
22,Roscommon County
22,Saginaw County
22,St. Clair County
22,St. Joseph County
22,Sanilac County
22,Schoolcraft County
22,Shiawassee County
22,Tuscola County
22,Van Buren County
22,Washtenaw County
22,Wayne County
22,Wexford County
23,Aitkin County
23,Anoka County
23,Becker County
23,Beltrami County
23,Benton County
23,Big Stone County
23,Blue Earth County
23,Brown County
23,Carlton County
23,Carver County
23,Cass County
23,Chippewa County
23,Chisago County
23,Clay County
23,Clearwater County
23,Cook County
23,Cottonwood County
23,Crow Wing County
23,Dakota County
23,Dodge County
23,Douglas County
23,Faribault County
23,Fillmore County
23,Freeborn County
23,Goodhue County
23,Grant County
23,Hennepin County
23,Houston County
23,Hubbard County
23,Isanti County
23,Itasca County
23,Jackson County
23,Kanabec County
23,Kandiyohi County
23,Kittson County
23,Koochiching County
23,Lac qui Parle County
23,Lake County
23,Lake of the Woods County
23,Le Sueur County
23,Lincoln County
23,Lyon County
23,McLeod County
23,Mahnomen County
23,Marshall County
23,Martin County
23,Meeker County
23,Mille Lacs County
23,Morrison County
23,Mower County
23,Murray County
23,Nicollet County
23,Nobles County
23,Norman County
23,Olmsted County
23,Otter Tail County
23,Pennington County
23,Pine County
23,Pipestone County
23,Polk County
23,Pope County
23,Ramsey County
23,Red Lake County
23,Redwood County
23,Renville County
23,Rice County
23,Rock County
23,Roseau County
23,St. Louis County
23,Scott County
23,Sherburne County
23,Sibley County
23,Stearns County
23,Steele County
23,Stevens County
23,Swift County
23,Todd County
23,Traverse County
23,Wabasha County
23,Wadena County
23,Waseca County
23,Washington County
23,Watonwan County
23,Wilkin County
23,Winona County
23,Wright County
23,Yellow Medicine County
24,Adams County
24,Alcorn County
24,Amite County
24,Attala County
24,Benton County
24,Bolivar County
24,Calhoun County
24,Carroll County
24,Chickasaw County
24,Choctaw County
24,Claiborne County
24,Clarke County
24,Clay County
24,Coahoma County
24,Copiah County
24,Covington County
24,DeSoto County
24,Forrest County
24,Franklin County
24,George County
24,Greene County
24,Grenada County
24,Hancock County
24,Harrison County
24,Hinds County
24,Holmes County
24,Humphreys County
24,Issaquena County
24,Itawamba County
24,Jackson County
24,Jasper County
24,Jefferson County
24,Jefferson Davis County
24,Jones County
24,Kemper County
24,Lafayette County
24,Lamar County
24,Lauderdale County
24,Lawrence County
24,Leake County
24,Lee County
24,Leflore County
24,Lincoln County
24,Lowndes County
24,Madison County
24,Marion County
24,Marshall County
24,Monroe County
24,Montgomery County
24,Neshoba County
24,Newton County
24,Noxubee County
24,Oktibbeha County
24,Panola County
24,Pearl River County
24,Perry County
24,Pike County
24,Pontotoc County
24,Prentiss County
24,Quitman County
24,Rankin County
24,Scott County
24,Sharkey County
24,Simpson County
24,Smith County
24,Stone County
24,Sunflower County
24,Tallahatchie County
24,Tate County
24,Tippah County
24,Tishomingo County
24,Tunica County
24,Union County
24,Walthall County
24,Warren County
24,Washington County
24,Wayne County
24,Webster County
24,Wilkinson County
24,Winston County
24,Yalobusha County
24,Yazoo County
25,Adair County
25,Andrew County
25,Atchison County
25,Audrain County
25,Barry County
25,Barton County
25,Bates County
25,Benton County
25,Bollinger County
25,Boone County
25,Buchanan County
25,Butler County
25,Caldwell County
25,Callaway County
25,Camden County
25,Cape Girardeau County
25,Carroll County
25,Carter County
25,Cass County
25,Cedar County
25,Chariton County
25,Christian County
25,Clark County
25,Clay County
25,Clinton County
25,Cole County
25,Cooper County
25,Crawford County
25,Dade County
25,Dallas County
25,Daviess County
25,DeKalb County
25,Dent County
25,Douglas County
25,Dunklin County
25,Franklin County
25,Gasconade County
25,Gentry County
25,Greene County
25,Grundy County
25,Harrison County
25,Henry County
25,Hickory County
25,Holt County
25,Howard County
25,Howell County
25,Iron County
25,Jackson County
25,Jasper County
25,Jefferson County
25,Johnson County
25,Knox County
25,Laclede County
25,Lafayette County
25,Lawrence County
25,Lewis County
25,Lincoln County
25,Linn County
25,Livingston County
25,McDonald County
25,Macon County
25,Madison County
25,Maries County
25,Marion County
25,Mercer County
25,Miller County
25,Mississippi County
25,Moniteau County
25,Monroe County
25,Montgomery County
25,Morgan County
25,New Madrid County
25,Newton County
25,Nodaway County
25,Oregon County
25,Osage County
25,Ozark County
25,Pemiscot County
25,Perry County
25,Pettis County
25,Phelps County
25,Pike County
25,Platte County
25,Polk County
25,Pulaski County
25,Putnam County
25,Ralls County
25,Randolph County
25,Ray County
25,Reynolds County
25,Ripley County
25,St. Charles County
25,St. Clair County
25,Ste. Genevieve County
25,St. Francois County
25,St. Louis County
25,Saline County
25,Schuyler County
25,Scotland County
25,Scott County
25,Shannon County
25,Shelby County
25,Stoddard County
25,Stone County
25,Sullivan County
25,Taney County
25,Texas County
25,Vernon County
25,Warren County
25,Washington County
25,Wayne County
25,Webster County
25,Worth County
25,Wright County
25,St. Louis city
26,Beaverhead County
26,Big Horn County
26,Blaine County
26,Broadwater County
26,Carbon County
26,Carter County
26,Cascade County
26,Chouteau County
26,Custer County
26,Daniels County
26,Dawson County
26,Deer Lodge County
26,Fallon County
26,Fergus County
26,Flathead County
26,Gallatin County
26,Garfield County
26,Glacier County
26,Golden Valley County
26,Granite County
26,Hill County
26,Jefferson County
26,Judith Basin County
26,Lake County
26,Lewis and Clark County
26,Liberty County
26,Lincoln County
26,McCone County
26,Madison County
26,Meagher County
26,Mineral County
26,Missoula County
26,Musselshell County
26,Park County
26,Petroleum County
26,Phillips County
26,Pondera County
26,Powder River County
26,Powell County
26,Prairie County
26,Ravalli County
26,Richland County
26,Roosevelt County
26,Rosebud County
26,Sanders County
26,Sheridan County
26,Silver Bow County
26,Stillwater County
26,Sweet Grass County
26,Teton County
26,Toole County
26,Treasure County
26,Valley County
26,Wheatland County
26,Wibaux County
26,Yellowstone County
27,Adams County
27,Antelope County
27,Arthur County
27,Banner County
27,Blaine County
27,Boone County
27,Box Butte County
27,Boyd County
27,Brown County
27,Buffalo County
27,Burt County
27,Butler County
27,Cass County
27,Cedar County
27,Chase County
27,Cherry County
27,Cheyenne County
27,Clay County
27,Colfax County
27,Cuming County
27,Custer County
27,Dakota County
27,Dawes County
27,Dawson County
27,Deuel County
27,Dixon County
27,Dodge County
27,Douglas County
27,Dundy County
27,Fillmore County
27,Franklin County
27,Frontier County
27,Furnas County
27,Gage County
27,Garden County
27,Garfield County
27,Gosper County
27,Grant County
27,Greeley County
27,Hall County
27,Hamilton County
27,Harlan County
27,Hayes County
27,Hitchcock County
27,Holt County
27,Hooker County
27,Howard County
27,Jefferson County
27,Johnson County
27,Kearney County
27,Keith County
27,Keya Paha County
27,Kimball County
27,Knox County
27,Lancaster County
27,Lincoln County
27,Logan County
27,Loup County
27,McPherson County
27,Madison County
27,Merrick County
27,Morrill County
27,Nance County
27,Nemaha County
27,Nuckolls County
27,Otoe County
27,Pawnee County
27,Perkins County
27,Phelps County
27,Pierce County
27,Platte County
27,Polk County
27,Red Willow County
27,Richardson County
27,Rock County
27,Saline County
27,Sarpy County
27,Saunders County
27,Scotts Bluff County
27,Seward County
27,Sheridan County
27,Sherman County
27,Sioux County
27,Stanton County
27,Thayer County
27,Thomas County
27,Thurston County
27,Valley County
27,Washington County
27,Wayne County
27,Webster County
27,Wheeler County
27,York County
28,Churchill County
28,Clark County
28,Douglas County
28,Elko County
28,Esmeralda County
28,Eureka County
28,Humboldt County
28,Lander County
28,Lincoln County
28,Lyon County
28,Mineral County
28,Nye County
28,Pershing County
28,Storey County
28,Washoe County
28,White Pine County
28,Carson City County
29,Belknap County
29,Carroll County
29,Cheshire County
29,Coos County
29,Grafton County
29,Hillsborough County
29,Merrimack County
29,Rockingham County
29,Strafford County
29,Sullivan County
30,Atlantic County
30,Bergen County
30,Burlington County
30,Camden County
30,Cape May County
30,Cumberland County
30,Essex County
30,Gloucester County
30,Hudson County
30,Hunterdon County
30,Mercer County
30,Middlesex County
30,Monmouth County
30,Morris County
30,Ocean County
30,Passaic County
30,Salem County
30,Somerset County
30,Sussex County
30,Union County
30,Warren County
31,Bernalillo County
31,Catron County
31,Chaves County
31,Cibola County
31,Colfax County
31,Curry County
31,De Baca County
31,Dona Ana County
31,Eddy County
31,Grant County
31,Guadalupe County
31,Harding County
31,Hidalgo County
31,Lea County
31,Lincoln County
31,Los Alamos County
31,Luna County
31,McKinley County
31,Mora County
31,Otero County
31,Quay County
31,Rio Arriba County
31,Roosevelt County
31,Sandoval County
31,San Juan County
31,San Miguel County
31,Santa Fe County
31,Sierra County
31,Socorro County
31,Taos County
31,Torrance County
31,Union County
31,Valencia County
32,Albany County
32,Allegany County
32,Bronx County
32,Broome County
32,Cattaraugus County
32,Cayuga County
32,Chautauqua County
32,Chemung County
32,Chenango County
32,Clinton County
32,Columbia County
32,Cortland County
32,Delaware County
32,Dutchess County
32,Erie County
32,Essex County
32,Franklin County
32,Fulton County
32,Genesee County
32,Greene County
32,Hamilton County
32,Herkimer County
32,Jefferson County
32,Kings County
32,Lewis County
32,Livingston County
32,Madison County
32,Monroe County
32,Montgomery County
32,Nassau County
32,New York County
32,Niagara County
32,Oneida County
32,Onondaga County
32,Ontario County
32,Orange County
32,Orleans County
32,Oswego County
32,Otsego County
32,Putnam County
32,Queens County
32,Rensselaer County
32,Richmond County
32,Rockland County
32,St. Lawrence County
32,Saratoga County
32,Schenectady County
32,Schoharie County
32,Schuyler County
32,Seneca County
32,Steuben County
32,Suffolk County
32,Sullivan County
32,Tioga County
32,Tompkins County
32,Ulster County
32,Warren County
32,Washington County
32,Wayne County
32,Westchester County
32,Wyoming County
32,Yates County
33,Alamance County
33,Alexander County
33,Alleghany County
33,Anson County
33,Ashe County
33,Avery County
33,Beaufort County
33,Bertie County
33,Bladen County
33,Brunswick County
33,Buncombe County
33,Burke County
33,Cabarrus County
33,Caldwell County
33,Camden County
33,Carteret County
33,Caswell County
33,Catawba County
33,Chatham County
33,Cherokee County
33,Chowan County
33,Clay County
33,Cleveland County
33,Columbus County
33,Craven County
33,Cumberland County
33,Currituck County
33,Dare County
33,Davidson County
33,Davie County
33,Duplin County
33,Durham County
33,Edgecombe County
33,Forsyth County
33,Franklin County
33,Gaston County
33,Gates County
33,Graham County
33,Granville County
33,Greene County
33,Guilford County
33,Halifax County
33,Harnett County
33,Haywood County
33,Henderson County
33,Hertford County
33,Hoke County
33,Hyde County
33,Iredell County
33,Jackson County
33,Johnston County
33,Jones County
33,Lee County
33,Lenoir County
33,Lincoln County
33,McDowell County
33,Macon County
33,Madison County
33,Martin County
33,Mecklenburg County
33,Mitchell County
33,Montgomery County
33,Moore County
33,Nash County
33,New Hanover County
33,Northampton County
33,Onslow County
33,Orange County
33,Pamlico County
33,Pasquotank County
33,Pender County
33,Perquimans County
33,Person County
33,Pitt County
33,Polk County
33,Randolph County
33,Richmond County
33,Robeson County
33,Rockingham County
33,Rowan County
33,Rutherford County
33,Sampson County
33,Scotland County
33,Stanly County
33,Stokes County
33,Surry County
33,Swain County
33,Transylvania County
33,Tyrrell County
33,Union County
33,Vance County
33,Wake County
33,Warren County
33,Washington County
33,Watauga County
33,Wayne County
33,Wilkes County
33,Wilson County
33,Yadkin County
33,Yancey County
34,Adams County
34,Barnes County
34,Benson County
34,Billings County
34,Bottineau County
34,Bowman County
34,Burke County
34,Burleigh County
34,Cass County
34,Cavalier County
34,Dickey County
34,Divide County
34,Dunn County
34,Eddy County
34,Emmons County
34,Foster County
34,Golden Valley County
34,Grand Forks County
34,Grant County
34,Griggs County
34,Hettinger County
34,Kidder County
34,LaMoure County
34,Logan County
34,McHenry County
34,McIntosh County
34,McKenzie County
34,McLean County
34,Mercer County
34,Morton County
34,Mountrail County
34,Nelson County
34,Oliver County
34,Pembina County
34,Pierce County
34,Ramsey County
34,Ransom County
34,Renville County
34,Richland County
34,Rolette County
34,Sargent County
34,Sheridan County
34,Sioux County
34,Slope County
34,Stark County
34,Steele County
34,Stutsman County
34,Towner County
34,Traill County
34,Walsh County
34,Ward County
34,Wells County
34,Williams County
35,Adams County
35,Allen County
35,Ashland County
35,Ashtabula County
35,Athens County
35,Auglaize County
35,Belmont County
35,Brown County
35,Butler County
35,Carroll County
35,Champaign County
35,Clark County
35,Clermont County
35,Clinton County
35,Columbiana County
35,Coshocton County
35,Crawford County
35,Cuyahoga County
35,Darke County
35,Defiance County
35,Delaware County
35,Erie County
35,Fairfield County
35,Fayette County
35,Franklin County
35,Fulton County
35,Gallia County
35,Geauga County
35,Greene County
35,Guernsey County
35,Hamilton County
35,Hancock County
35,Hardin County
35,Harrison County
35,Henry County
35,Highland County
35,Hocking County
35,Holmes County
35,Huron County
35,Jackson County
35,Jefferson County
35,Knox County
35,Lake County
35,Lawrence County
35,Licking County
35,Logan County
35,Lorain County
35,Lucas County
35,Madison County
35,Mahoning County
35,Marion County
35,Medina County
35,Meigs County
35,Mercer County
35,Miami County
35,Monroe County
35,Montgomery County
35,Morgan County
35,Morrow County
35,Muskingum County
35,Noble County
35,Ottawa County
35,Paulding County
35,Perry County
35,Pickaway County
35,Pike County
35,Portage County
35,Preble County
35,Putnam County
35,Richland County
35,Ross County
35,Sandusky County
35,Scioto County
35,Seneca County
35,Shelby County
35,Stark County
35,Summit County
35,Trumbull County
35,Tuscarawas County
35,Union County
35,Van Wert County
35,Vinton County
35,Warren County
35,Washington County
35,Wayne County
35,Williams County
35,Wood County
35,Wyandot County
36,Adair County
36,Alfalfa County
36,Atoka County
36,Beaver County
36,Beckham County
36,Blaine County
36,Bryan County
36,Caddo County
36,Canadian County
36,Carter County
36,Cherokee County
36,Choctaw County
36,Cimarron County
36,Cleveland County
36,Coal County
36,Comanche County
36,Cotton County
36,Craig County
36,Creek County
36,Custer County
36,Delaware County
36,Dewey County
36,Ellis County
36,Garfield County
36,Garvin County
36,Grady County
36,Grant County
36,Greer County
36,Harmon County
36,Harper County
36,Haskell County
36,Hughes County
36,Jackson County
36,Jefferson County
36,Johnston County
36,Kay County
36,Kingfisher County
36,Kiowa County
36,Latimer County
36,Le Flore County
36,Lincoln County
36,Logan County
36,Love County
36,McClain County
36,McCurtain County
36,McIntosh County
36,Major County
36,Marshall County
36,Mayes County
36,Murray County
36,Muskogee County
36,Noble County
36,Nowata County
36,Okfuskee County
36,Oklahoma County
36,Okmulgee County
36,Osage County
36,Ottawa County
36,Pawnee County
36,Payne County
36,Pittsburg County
36,Pontotoc County
36,Pottawatomie County
36,Pushmataha County
36,Roger Mills County
36,Rogers County
36,Seminole County
36,Sequoyah County
36,Stephens County
36,Texas County
36,Tillman County
36,Tulsa County
36,Wagoner County
36,Washington County
36,Washita County
36,Woods County
36,Woodward County
37,Baker County
37,Benton County
37,Clackamas County
37,Clatsop County
37,Columbia County
37,Coos County
37,Crook County
37,Curry County
37,Deschutes County
37,Douglas County
37,Gilliam County
37,Grant County
37,Harney County
37,Hood River County
37,Jackson County
37,Jefferson County
37,Josephine County
37,Klamath County
37,Lake County
37,Lane County
37,Lincoln County
37,Linn County
37,Malheur County
37,Marion County
37,Morrow County
37,Multnomah County
37,Polk County
37,Sherman County
37,Tillamook County
37,Umatilla County
37,Union County
37,Wallowa County
37,Wasco County
37,Washington County
37,Wheeler County
37,Yamhill County
38,Adams County
38,Allegheny County
38,Armstrong County
38,Beaver County
38,Bedford County
38,Berks County
38,Blair County
38,Bradford County
38,Bucks County
38,Butler County
38,Cambria County
38,Cameron County
38,Carbon County
38,Centre County
38,Chester County
38,Clarion County
38,Clearfield County
38,Clinton County
38,Columbia County
38,Crawford County
38,Cumberland County
38,Dauphin County
38,Delaware County
38,Elk County
38,Erie County
38,Fayette County
38,Forest County
38,Franklin County
38,Fulton County
38,Greene County
38,Huntingdon County
38,Indiana County
38,Jefferson County
38,Juniata County
38,Lackawanna County
38,Lancaster County
38,Lawrence County
38,Lebanon County
38,Lehigh County
38,Luzerne County
38,Lycoming County
38,McKean County
38,Mercer County
38,Mifflin County
38,Monroe County
38,Montgomery County
38,Montour County
38,Northampton County
38,Northumberland County
38,Perry County
38,Philadelphia County
38,Pike County
38,Potter County
38,Schuylkill County
38,Snyder County
38,Somerset County
38,Sullivan County
38,Susquehanna County
38,Tioga County
38,Union County
38,Venango County
38,Warren County
38,Washington County
38,Wayne County
38,Westmoreland County
38,Wyoming County
38,York County
39,Bristol County
39,Kent County
39,Newport County
39,Providence County
39,Washington County
40,Abbeville County
40,Aiken County
40,Allendale County
40,Anderson County
40,Bamberg County
40,Barnwell County
40,Beaufort County
40,Berkeley County
40,Calhoun County
40,Charleston County
40,Cherokee County
40,Chester County
40,Chesterfield County
40,Clarendon County
40,Colleton County
40,Darlington County
40,Dillon County
40,Dorchester County
40,Edgefield County
40,Fairfield County
40,Florence County
40,Georgetown County
40,Greenville County
40,Greenwood County
40,Hampton County
40,Horry County
40,Jasper County
40,Kershaw County
40,Lancaster County
40,Laurens County
40,Lee County
40,Lexington County
40,McCormick County
40,Marion County
40,Marlboro County
40,Newberry County
40,Oconee County
40,Orangeburg County
40,Pickens County
40,Richland County
40,Saluda County
40,Spartanburg County
40,Sumter County
40,Union County
40,Williamsburg County
40,York County
41,Aurora County
41,Beadle County
41,Bennett County
41,Bon Homme County
41,Brookings County
41,Brown County
41,Brule County
41,Buffalo County
41,Butte County
41,Campbell County
41,Charles Mix County
41,Clark County
41,Clay County
41,Codington County
41,Corson County
41,Custer County
41,Davison County
41,Day County
41,Deuel County
41,Dewey County
41,Douglas County
41,Edmunds County
41,Fall River County
41,Faulk County
41,Grant County
41,Gregory County
41,Haakon County
41,Hamlin County
41,Hand County
41,Hanson County
41,Harding County
41,Hughes County
41,Hutchinson County
41,Hyde County
41,Jackson County
41,Jerauld County
41,Jones County
41,Kingsbury County
41,Lake County
41,Lawrence County
41,Lincoln County
41,Lyman County
41,McCook County
41,McPherson County
41,Marshall County
41,Meade County
41,Mellette County
41,Miner County
41,Minnehaha County
41,Moody County
41,Pennington County
41,Perkins County
41,Potter County
41,Roberts County
41,Sanborn County
41,Shannon County
41,Spink County
41,Stanley County
41,Sully County
41,Todd County
41,Tripp County
41,Turner County
41,Union County
41,Walworth County
41,Yankton County
41,Ziebach County
42,Anderson County
42,Bedford County
42,Benton County
42,Bledsoe County
42,Blount County
42,Bradley County
42,Campbell County
42,Cannon County
42,Carroll County
42,Carter County
42,Cheatham County
42,Chester County
42,Claiborne County
42,Clay County
42,Cocke County
42,Coffee County
42,Crockett County
42,Cumberland County
42,Davidson County
42,Decatur County
42,DeKalb County
42,Dickson County
42,Dyer County
42,Fayette County
42,Fentress County
42,Franklin County
42,Gibson County
42,Giles County
42,Grainger County
42,Greene County
42,Grundy County
42,Hamblen County
42,Hamilton County
42,Hancock County
42,Hardeman County
42,Hardin County
42,Hawkins County
42,Haywood County
42,Henderson County
42,Henry County
42,Hickman County
42,Houston County
42,Humphreys County
42,Jackson County
42,Jefferson County
42,Johnson County
42,Knox County
42,Lake County
42,Lauderdale County
42,Lawrence County
42,Lewis County
42,Lincoln County
42,Loudon County
42,McMinn County
42,McNairy County
42,Macon County
42,Madison County
42,Marion County
42,Marshall County
42,Maury County
42,Meigs County
42,Monroe County
42,Montgomery County
42,Moore County
42,Morgan County
42,Obion County
42,Overton County
42,Perry County
42,Pickett County
42,Polk County
42,Putnam County
42,Rhea County
42,Roane County
42,Robertson County
42,Rutherford County
42,Scott County
42,Sequatchie County
42,Sevier County
42,Shelby County
42,Smith County
42,Stewart County
42,Sullivan County
42,Sumner County
42,Tipton County
42,Trousdale County
42,Unicoi County
42,Union County
42,Van Buren County
42,Warren County
42,Washington County
42,Wayne County
42,Weakley County
42,White County
42,Williamson County
42,Wilson County
43,Anderson County
43,Andrews County
43,Angelina County
43,Aransas County
43,Archer County
43,Armstrong County
43,Atascosa County
43,Austin County
43,Bailey County
43,Bandera County
43,Bastrop County
43,Baylor County
43,Bee County
43,Bell County
43,Bexar County
43,Blanco County
43,Borden County
43,Bosque County
43,Bowie County
43,Brazoria County
43,Brazos County
43,Brewster County
43,Briscoe County
43,Brooks County
43,Brown County
43,Burleson County
43,Burnet County
43,Caldwell County
43,Calhoun County
43,Callahan County
43,Cameron County
43,Camp County
43,Carson County
43,Cass County
43,Castro County
43,Chambers County
43,Cherokee County
43,Childress County
43,Clay County
43,Cochran County
43,Coke County
43,Coleman County
43,Collin County
43,Collingsworth County
43,Colorado County
43,Comal County
43,Comanche County
43,Concho County
43,Cooke County
43,Coryell County
43,Cottle County
43,Crane County
43,Crockett County
43,Crosby County
43,Culberson County
43,Dallam County
43,Dallas County
43,Dawson County
43,Deaf Smith County
43,Delta County
43,Denton County
43,DeWitt County
43,Dickens County
43,Dimmit County
43,Donley County
43,Duval County
43,Eastland County
43,Ector County
43,Edwards County
43,Ellis County
43,El Paso County
43,Erath County
43,Falls County
43,Fannin County
43,Fayette County
43,Fisher County
43,Floyd County
43,Foard County
43,Fort Bend County
43,Franklin County
43,Freestone County
43,Frio County
43,Gaines County
43,Galveston County
43,Garza County
43,Gillespie County
43,Glasscock County
43,Goliad County
43,Gonzales County
43,Gray County
43,Grayson County
43,Gregg County
43,Grimes County
43,Guadalupe County
43,Hale County
43,Hall County
43,Hamilton County
43,Hansford County
43,Hardeman County
43,Hardin County
43,Harris County
43,Harrison County
43,Hartley County
43,Haskell County
43,Hays County
43,Hemphill County
43,Henderson County
43,Hidalgo County
43,Hill County
43,Hockley County
43,Hood County
43,Hopkins County
43,Houston County
43,Howard County
43,Hudspeth County
43,Hunt County
43,Hutchinson County
43,Irion County
43,Jack County
43,Jackson County
43,Jasper County
43,Jeff Davis County
43,Jefferson County
43,Jim Hogg County
43,Jim Wells County
43,Johnson County
43,Jones County
43,Karnes County
43,Kaufman County
43,Kendall County
43,Kenedy County
43,Kent County
43,Kerr County
43,Kimble County
43,King County
43,Kinney County
43,Kleberg County
43,Knox County
43,Lamar County
43,Lamb County
43,Lampasas County
43,La Salle County
43,Lavaca County
43,Lee County
43,Leon County
43,Liberty County
43,Limestone County
43,Lipscomb County
43,Live Oak County
43,Llano County
43,Loving County
43,Lubbock County
43,Lynn County
43,McCulloch County
43,McLennan County
43,McMullen County
43,Madison County
43,Marion County
43,Martin County
43,Mason County
43,Matagorda County
43,Maverick County
43,Medina County
43,Menard County
43,Midland County
43,Milam County
43,Mills County
43,Mitchell County
43,Montague County
43,Montgomery County
43,Moore County
43,Morris County
43,Motley County
43,Nacogdoches County
43,Navarro County
43,Newton County
43,Nolan County
43,Nueces County
43,Ochiltree County
43,Oldham County
43,Orange County
43,Palo Pinto County
43,Panola County
43,Parker County
43,Parmer County
43,Pecos County
43,Polk County
43,Potter County
43,Presidio County
43,Rains County
43,Randall County
43,Reagan County
43,Real County
43,Red River County
43,Reeves County
43,Refugio County
43,Roberts County
43,Robertson County
43,Rockwall County
43,Runnels County
43,Rusk County
43,Sabine County
43,San Augustine County
43,San Jacinto County
43,San Patricio County
43,San Saba County
43,Schleicher County
43,Scurry County
43,Shackelford County
43,Shelby County
43,Sherman County
43,Smith County
43,Somervell County
43,Starr County
43,Stephens County
43,Sterling County
43,Stonewall County
43,Sutton County
43,Swisher County
43,Tarrant County
43,Taylor County
43,Terrell County
43,Terry County
43,Throckmorton County
43,Titus County
43,Tom Green County
43,Travis County
43,Trinity County
43,Tyler County
43,Upshur County
43,Upton County
43,Uvalde County
43,Val Verde County
43,Van Zandt County
43,Victoria County
43,Walker County
43,Waller County
43,Ward County
43,Washington County
43,Webb County
43,Wharton County
43,Wheeler County
43,Wichita County
43,Wilbarger County
43,Willacy County
43,Williamson County
43,Wilson County
43,Winkler County
43,Wise County
43,Wood County
43,Yoakum County
43,Young County
43,Zapata County
43,Zavala County
44,Beaver County
44,Box Elder County
44,Cache County
44,Carbon County
44,Daggett County
44,Davis County
44,Duchesne County
44,Emery County
44,Garfield County
44,Grand County
44,Iron County
44,Juab County
44,Kane County
44,Millard County
44,Morgan County
44,Piute County
44,Rich County
44,Salt Lake County
44,San Juan County
44,Sanpete County
44,Sevier County
44,Summit County
44,Tooele County
44,Uintah County
44,Utah County
44,Wasatch County
44,Washington County
44,Wayne County
44,Weber County
45,Addison County
45,Bennington County
45,Caledonia County
45,Chittenden County
45,Essex County
45,Franklin County
45,Grand Isle County
45,Lamoille County
45,Orange County
45,Orleans County
45,Rutland County
45,Washington County
45,Windham County
45,Windsor County
46,Accomack County
46,Albemarle County
46,Alleghany County
46,Amelia County
46,Amherst County
46,Appomattox County
46,Arlington County
46,Augusta County
46,Bath County
46,Bedford County
46,Bland County
46,Botetourt County
46,Brunswick County
46,Buchanan County
46,Buckingham County
46,Campbell County
46,Caroline County
46,Carroll County
46,Charles City County
46,Charlotte County
46,Chesterfield County
46,Clarke County
46,Craig County
46,Culpeper County
46,Cumberland County
46,Dickenson County
46,Dinwiddie County
46,Essex County
46,Fairfax County
46,Fauquier County
46,Floyd County
46,Fluvanna County
46,Franklin County
46,Frederick County
46,Giles County
46,Gloucester County
46,Goochland County
46,Grayson County
46,Greene County
46,Greensville County
46,Halifax County
46,Hanover County
46,Henrico County
46,Henry County
46,Highland County
46,Isle of Wight County
46,James City County
46,King and Queen County
46,King George County
46,King William County
46,Lancaster County
46,Lee County
46,Loudoun County
46,Louisa County
46,Lunenburg County
46,Madison County
46,Mathews County
46,Mecklenburg County
46,Middlesex County
46,Montgomery County
46,Nelson County
46,New Kent County
46,Northampton County
46,Northumberland County
46,Nottoway County
46,Orange County
46,Page County
46,Patrick County
46,Pittsylvania County
46,Powhatan County
46,Prince Edward County
46,Prince George County
46,Prince William County
46,Pulaski County
46,Rappahannock County
46,Richmond County
46,Roanoke County
46,Rockbridge County
46,Rockingham County
46,Russell County
46,Scott County
46,Shenandoah County
46,Smyth County
46,Southampton County
46,Spotsylvania County
46,Stafford County
46,Surry County
46,Sussex County
46,Tazewell County
46,Warren County
46,Washington County
46,Westmoreland County
46,Wise County
46,Wythe County
46,York County
46,Alexandria city
46,Bedford city
46,Bristol city
46,Buena Vista city
46,Charlottesville city
46,Chesapeake city
46,Colonial Heights city
46,Covington city
46,Danville city
46,Emporia city
46,Fairfax city
46,Falls Church city
46,Franklin city
46,Fredericksburg city
46,Galax city
46,Hampton city
46,Harrisonburg city
46,Hopewell city
46,Lexington city
46,Lynchburg city
46,Manassas city
46,Manassas Park city
46,Martinsville city
46,Newport News city
46,Norfolk city
46,Norton city
46,Petersburg city
46,Poquoson city
46,Portsmouth city
46,Radford city
46,Richmond city
46,Roanoke city
46,Salem city
46,Staunton city
46,Suffolk city
46,Virginia Beach city
46,Waynesboro city
46,Williamsburg city
46,Winchester city
47,Adams County
47,Asotin County
47,Benton County
47,Chelan County
47,Clallam County
47,Clark County
47,Columbia County
47,Cowlitz County
47,Douglas County
47,Ferry County
47,Franklin County
47,Garfield County
47,Grant County
47,Grays Harbor County
47,Island County
47,Jefferson County
47,King County
47,Kitsap County
47,Kittitas County
47,Klickitat County
47,Lewis County
47,Lincoln County
47,Mason County
47,Okanogan County
47,Pacific County
47,Pend Oreille County
47,Pierce County
47,San Juan County
47,Skagit County
47,Skamania County
47,Snohomish County
47,Spokane County
47,Stevens County
47,Thurston County
47,Wahkiakum County
47,Walla Walla County
47,Whatcom County
47,Whitman County
47,Yakima County
48,Barbour County
48,Berkeley County
48,Boone County
48,Braxton County
48,Brooke County
48,Cabell County
48,Calhoun County
48,Clay County
48,Doddridge County
48,Fayette County
48,Gilmer County
48,Grant County
48,Greenbrier County
48,Hampshire County
48,Hancock County
48,Hardy County
48,Harrison County
48,Jackson County
48,Jefferson County
48,Kanawha County
48,Lewis County
48,Lincoln County
48,Logan County
48,McDowell County
48,Marion County
48,Marshall County
48,Mason County
48,Mercer County
48,Mineral County
48,Mingo County
48,Monongalia County
48,Monroe County
48,Morgan County
48,Nicholas County
48,Ohio County
48,Pendleton County
48,Pleasants County
48,Pocahontas County
48,Preston County
48,Putnam County
48,Raleigh County
48,Randolph County
48,Ritchie County
48,Roane County
48,Summers County
48,Taylor County
48,Tucker County
48,Tyler County
48,Upshur County
48,Wayne County
48,Webster County
48,Wetzel County
48,Wirt County
48,Wood County
48,Wyoming County
49,Adams County
49,Ashland County
49,Barron County
49,Bayfield County
49,Brown County
49,Buffalo County
49,Burnett County
49,Calumet County
49,Chippewa County
49,Clark County
49,Columbia County
49,Crawford County
49,Dane County
49,Dodge County
49,Door County
49,Douglas County
49,Dunn County
49,Eau Claire County
49,Florence County
49,Fond du Lac County
49,Forest County
49,Grant County
49,Green County
49,Green Lake County
49,Iowa County
49,Iron County
49,Jackson County
49,Jefferson County
49,Juneau County
49,Kenosha County
49,Kewaunee County
49,La Crosse County
49,Lafayette County
49,Langlade County
49,Lincoln County
49,Manitowoc County
49,Marathon County
49,Marinette County
49,Marquette County
49,Menominee County
49,Milwaukee County
49,Monroe County
49,Oconto County
49,Oneida County
49,Outagamie County
49,Ozaukee County
49,Pepin County
49,Pierce County
49,Polk County
49,Portage County
49,Price County
49,Racine County
49,Richland County
49,Rock County
49,Rusk County
49,St. Croix County
49,Sauk County
49,Sawyer County
49,Shawano County
49,Sheboygan County
49,Taylor County
49,Trempealeau County
49,Vernon County
49,Vilas County
49,Walworth County
49,Washburn County
49,Washington County
49,Waukesha County
49,Waupaca County
49,Waushara County
49,Winnebago County
49,Wood County
50,Albany County
50,Big Horn County
50,Campbell County
50,Carbon County
50,Converse County
50,Crook County
50,Fremont County
50,Goshen County
50,Hot Springs County
50,Johnson County
50,Laramie County
50,Lincoln County
50,Natrona County
50,Niobrara County
50,Park County
50,Platte County
50,Sheridan County
50,Sublette County
50,Sweetwater County
50,Teton County
50,Uinta County
50,Washakie County
50,Weston County